class_id,name,country,role,year,speed,range,crew,fleet,desc,img
A1,SU-35,rus,Air Superiority Fighter,2014,Mach 2.25,3600 km,1,110,"Sukhoi Su-35 is a deeply modernized derivative of the Su-27 platform, designed for air superiority and multirole missions. It features thrust-vectoring engines, advanced Irbis-E radar, and improved avionics, enabling extreme maneuverability and long-range engagement. Classified as a 4++ generation fighter, it bridges the gap toward fifth-generation capabilities without full stealth design.",https://upload.wikimedia.org/wikipedia/commons/e/ec/Russian_Air_Force%2C_RF-81719%2C_Sukhoi_Su-35S_%2849581740157%29.jpg
A2,C-130,USA,Transport,1956,540 km/h,3800 km,5,300,"Lockheed C-130 Hercules is a versatile tactical transport aircraft capable of operating from short and unprepared runways. It is widely used for cargo transport, troop deployment, medical evacuation, and special operations. Its adaptability has led to numerous variants including gunships and firefighting aircraft.",https://upload.wikimedia.org/wikipedia/commons/thumb/c/cc/Lockheed_C-130_Hercules.jpg/960px-Lockheed_C-130_Hercules.jpg
A3,C-17,USA,Strategic Transport,1995,830 km/h,10400 km,3,220,"Boeing C-17 Globemaster III is a strategic airlifter designed for rapid deployment of troops and heavy equipment worldwide. It combines high payload capacity with the ability to operate on short runways, making it essential for both military logistics and humanitarian missions.",https://upload.wikimedia.org/wikipedia/commons/thumb/b/bc/C-17_test_sortie.jpg/1920px-C-17_test_sortie.jpg
A4,C-5,USA,Heavy Transport,1970,920 km/h,8900 km,7,52,"Lockheed C-5 Galaxy is one of the largest military transport aircraft in the world. It is capable of carrying oversized cargo, including tanks and helicopters, across intercontinental distances. Its distinctive nose-loading system enables rapid loading operations.",https://upload.wikimedia.org/wikipedia/commons/thumb/b/b2/USAF_C-5_Galaxy_in_flight.jpg/960px-USAF_C-5_Galaxy_in_flight.jpg
A5,F-16,USA,Multirole Fighter,1978,Mach 2.0,4200 km,1,900,"F-16 Fighting Falcon is a highly maneuverable multirole fighter widely used by NATO and allied countries. It was one of the first aircraft to use fly-by-wire control systems and remains a backbone of many air forces due to its versatility and cost-effectiveness.",https://uk.wikipedia.org/wiki/%D0%A4%D0%B0%D0%B9%D0%BB:An_F-16_Fighting_Falcon_departs_after_being_refueled_by_a_KC-135_Stratotanker_(28404467963).jpg
A6,TU-160,rus,Strategic Bomber,1987,Mach 2.05,12300 km,4,17,"Tupolev Tu-160 is the largest and fastest supersonic strategic bomber in service. It features variable-sweep wings and is capable of carrying nuclear and conventional cruise missiles over intercontinental distances.",https://upload.wikimedia.org/wikipedia/commons/thumb/1/19/Tupolev_Tu-160_in_1997.jpg/960px-Tupolev_Tu-160_in_1997.jpg
A7,E-3,USA,AWACS,1977,850 km/h,7400 km,20,30,"E-3 Sentry is an airborne early warning and control aircraft equipped with a rotating radar dome. It provides long-range surveillance, command, and control functions for air operations.",https://upload.wikimedia.org/wikipedia/commons/thumb/6/68/Boeing_E-3B_Sentry_USAF_AN0996110.jpg/960px-Boeing_E-3B_Sentry_USAF_AN0996110.jpg
A8,B-52,USA,Strategic Bomber,1955,Mach 0.86,14000 km,5,76,"B-52 Stratofortress is a long-range subsonic bomber capable of delivering both nuclear and conventional weapons. Despite its age, it remains a key component of U.S. strategic deterrence.",https://upload.wikimedia.org/wikipedia/commons/thumb/6/6e/B-52_over_Afghanistan.JPG/960px-B-52_over_Afghanistan.JPG
A9,P-3C,USA,Maritime Patrol,1962,750 km/h,8900 km,11,120,"P-3 Orion is a maritime patrol aircraft designed for anti-submarine warfare, reconnaissance, and surveillance missions over oceans.",https://upload.wikimedia.org/wikipedia/commons/thumb/5/53/Ken_H._IMG_7106_1600_%288979463266%29.jpg/960px-Ken_H._IMG_7106_1600_%288979463266%29.jpg
A10,B-1B,USA,Bomber,1986,Mach 1.25,9400 km,4,45,"B-1B Lancer is a supersonic variable-sweep wing bomber optimized for low-altitude penetration and high payload delivery.",https://upload.wikimedia.org/wikipedia/commons/4/4a/B-1B_over_the_pacific_ocean.jpg
A11,E-8,USA,Battle Management / Surveillance,1991,830 km/h,6800 km,20,17,"E-8 Joint STARS is an airborne command, control, intelligence, surveillance and reconnaissance (C2ISR) platform designed to track ground targets and provide real-time battlefield management data to commanders.",https://upload.wikimedia.org/wikipedia/commons/6/6d/E-8_JSTARS_18061F484519-913.jpg
A12,TU-22M,rus,Long-range Bomber,1972,Mach 1.88,6800 km,4,60,"Tu-22M is a supersonic long-range bomber with variable-sweep wings designed for maritime strike and nuclear delivery missions.",https://upload.wikimedia.org/wikipedia/commons/0/0c/Tupolev_Tu-22M3M_GEFEST_%2819230388334%29.jpg
A13,F-15,USA,Air Superiority Fighter,1976,Mach 2.5,3900 km,1,400,"F-15 Eagle is a highly successful air superiority fighter known for its speed, radar capabilities, and unmatched air-to-air combat record.",https://upload.wikimedia.org/wikipedia/commons/thumb/a/a6/F-15C_Eagle_from_the_44th_Fighter_Squadron_flies_during_a_routine_training_exercise_April_15%2C_2019.jpg/1280px-F-15C_Eagle_from_the_44th_Fighter_Squadron_flies_during_a_routine_training_exercise_April_15%2C_2019.jpg
A14,KC-135,USA,Tanker,1957,850 km/h,2400 km,3,390,"KC-135 Stratotanker is an aerial refueling aircraft that extends the operational range of U.S. and allied military aircraft.",https://upload.wikimedia.org/wikipedia/commons/6/64/KC-135_100th_Air_Refueling_Wing.jpg
A15,F-22,USA,Stealth Fighter,2005,Mach 2.25,2960 km,1,180,"F-22 Raptor is a fifth-generation stealth fighter with advanced avionics, supercruise capability, and unmatched air superiority performance.",https://upload.wikimedia.org/wikipedia/commons/4/46/Lockheed_Martin_F-22A_Raptor_JSOH.jpg
A16,FA-18,USA,Carrier Multirole Fighter,1983,Mach 1.8,3300 km,1,600,"F/A-18 Hornet is a carrier-capable multirole fighter used for both air-to-air and air-to-ground missions by the U.S. Navy.",https://upload.wikimedia.org/wikipedia/commons/4/44/FA-18C_desert_refueling.jpg
A17,TU-95,rus,Strategic Bomber,1956,830 km/h,12000 km,7,55,"Tu-95 is a long-range strategic bomber powered by turboprop engines, known for its distinctive contra-rotating propellers and nuclear strike capability.",https://upload.wikimedia.org/wikipedia/commons/0/02/Tupolev_Tu-95_over_Moscow_Kustov_%28cropped%29.jpg
A18,KC-10,USA,Tanker / Transport,1981,900 km/h,10600 km,3,50,"KC-10 Extender is a strategic aerial refueling and cargo aircraft capable of supporting long-range deployment operations.",https://media.defense.gov/2003/Aug/08/2000598091/2000/2000/0/073003-F-8156G-004.JPG
A19,SU-34,rus,Strike Fighter,2014,Mach 1.8,4000 km,2,140,"Su-34 is a strike fighter designed for deep penetration missions with heavy payload capacity and advanced targeting systems.",https://upload.wikimedia.org/wikipedia/commons/7/76/MAKS2015part1-10_%28cropped%29.jpg
A20,SU-24,rus,Bomber,1974,Mach 1.35,2850 km,2,200,"Su-24 is an all-weather attack aircraft with variable-sweep wings, designed for low-level penetration and precision strikes.",https://upload.wikimedia.org/wikipedia/commons/7/76/Sukhoi_Su-24_inflight_Mishin-3.jpg
